in_h,in_w,k_h,k_w,stride_h,stride_w,out_h,out_w,num_procs,num_threads,local_time_s,total_time_s,mode
40036,40036,36,36,1,1,40001,40001,4,1,141.328316,152.144392,MPI_BCAST
40036,80037,36,36,2,1,20001,80002,4,1,141.332150,153.913760,MPI_BCAST
40036,120038,36,36,3,1,13334,120003,4,1,141.097334,151.650020,MPI_BCAST
